id,route_or_surface,role,current_file,current_approval,audit_disposition,final_needed,method,ratio_desktop,ratio_mobile,priority,notes
HOME-HERO,/,hero documentary sequence,"KEN-LAND-001; BUR-LAND-001; RITUAL-216",APPROVED_CURRENT,KEEP_CURRENT,optional custom campaign,PHOTO_COMPOSITE or AI_GENERATION after product lock,16:9+,9:16,P1,"Current slides can remain contextual; no baked text"
HOME-CONTINUUM-EARTH,/,material bridge,MAT-CLAY-001,APPROVED_CURRENT,KEEP_CURRENT,derive,EXISTING_ASSET_EDIT,5:4,4:3,P2,"Texture only"
HOME-CONTINUUM-COFFEE,/,coffee bridge,KEN-PROC-115,APPROVED_CURRENT,KEEP_FINAL,derive,EXISTING_ASSET_EDIT,4:5,4:5,P2,"Kiambu detail; not pack media"
HOME-CONTINUUM-VESSEL,/,Cup bridge,MISSING,CUSTOM_ASSET_PENDING,NEW_CUSTOM_REQUIRED,yes,3D_RENDER,4:5,4:5,P0,"Use Cup master"
HOME-HARVEST-01-04,/,Current Harvest cards,MISSING,CUSTOM_ASSET_PENDING,NEW_CUSTOM_REQUIRED,yes,3D_RENDER + GRAPHIC_DESIGN,4:5,4:5,P0,"Derive from six seasonal masters"
SHOP-MATERIAL-01-03,/shop,Material Series cards,MISSING,CUSTOM_ASSET_PENDING,NEW_CUSTOM_REQUIRED,yes,3D_RENDER + GRAPHIC_DESIGN,4:5,4:5,P0,"Permanent family"
SHOP-HARVEST-01-06,/shop,Current Harvest cards,MISSING,CUSTOM_ASSET_PENDING,NEW_CUSTOM_REQUIRED,yes,3D_RENDER + GRAPHIC_DESIGN,4:5,4:5,P0,"Shared seasonal template"
SHOP-OTHER-01-03,/shop,Afterlight/Instant/Three Regions cards,MISSING,CUSTOM_ASSET_PENDING,NEW_CUSTOM_REQUIRED,yes,3D_RENDER + GRAPHIC_DESIGN,4:5,4:5,P0,"Different package systems"
SHOP-KILN-01,/shop,The Kiln Cup companion,MISSING,CUSTOM_ASSET_PENDING,NEW_CUSTOM_REQUIRED,yes,3D_RENDER,4:3,4:3,P0,"Geometry-locked"
SHOP-THREE-REGIONS-NAV,desktop Shop reveal,Three Regions feature,KEN-PROC-115,APPROVED_CURRENT,REPLACE_PRIORITY,yes,3D_RENDER + GRAPHIC_DESIGN,4:3,4:5,P1,"Kiambu cherry is not the discovery box"
PDP-PRODUCT-MASTERS,12 coffee PDPs,primary package hero,MISSING,CUSTOM_ASSET_PENDING,NEW_CUSTOM_REQUIRED,yes,3D_RENDER + GRAPHIC_DESIGN,4:5,4:5,P0,"One master per product"
PDP-KIRINYAGA-CONTEXT,/shop/kirinyaga-washed-02,regional place lead,MISSING,,NEW_EDITORIAL_REQUIRED,yes,STOCK_SOURCE / DOCUMENTARY SOURCE,16:9,4:5,P1,"Never relabel Kiambu"
PDP-GUJI-CONTEXT,/shop/guji-natural-02,regional place lead,MISSING,,NEW_EDITORIAL_REQUIRED,yes,STOCK_SOURCE / DOCUMENTARY SOURCE,16:9,4:5,P1,"Never relabel Hawassa"
PDP-CUP-HERO,/shop/the-kiln-cup,Cup hero,MISSING,CUSTOM_ASSET_PENDING,NEW_CUSTOM_REQUIRED,yes,3D_RENDER,5:4,4:5,P0,"Canonical geometry"
PDP-CUP-MACRO,/shop/the-kiln-cup,glaze/material detail,MISSING,CUSTOM_ASSET_PENDING,NEW_CUSTOM_REQUIRED,yes,3D_RENDER,1:1,1:1,P1,"Exterior/interior"
PDP-CUP-HAND,/shop/the-kiln-cup,hand scale,MISSING,CUSTOM_ASSET_PENDING,NEW_CUSTOM_REQUIRED,yes,PHOTO_COMPOSITE,4:5,9:16,P1,"No ergonomic claim"
PDP-CUP-RITUAL,/shop/the-kiln-cup,coffee-filled ritual,MISSING,CUSTOM_ASSET_PENDING,NEW_CUSTOM_REQUIRED,yes,PHOTO_COMPOSITE,16:10,4:5,P1,"Can support Home after review"
FOLIO-KENYA,/origins/central-kenya,lead/support/detail,"KEN-LAND-001; KEN-PROC-001; KEN-PROC-115",APPROVED_CURRENT,KEEP_FINAL,derive,EXISTING_ASSET_EDIT,wide/auto,4:5,P2,"Strongest sequence"
FOLIO-KAYANZA,/origins/kayanza-burundi,lead/support/detail,"BUR-LAND-001; BUR-LAND-003; BUR-BOT-001",APPROVED_CURRENT,KEEP_CURRENT,derive,EXISTING_ASSET_EDIT,wide/auto,4:5,P2,"Preserve Banga/Ngozi captions"
FOLIO-ETHIOPIA,/origins/southern-ethiopia,lead/support/detail,"ETH-PROC-103; ETH-PROC-104; ETH-PROC-105",PROVISIONAL_REPLACEABLE,REPLACE_PRIORITY,yes,STOCK_SOURCE / DOCUMENTARY SOURCE,wide/auto,4:5,P0/P1,"Replace process-only lead"
EDITION-WATER,/journal/water-and-time,lead/process/detail,"KEN-LAND-001; KEN-PROC-001; KEN-PROC-111",APPROVED_CURRENT,KEEP_CURRENT,derive,EXISTING_ASSET_EDIT,16:10/4:3,4:5,P2,"No diagram unless instructional"
EDITION-KAYANZA,/journal/along-the-kayanza-hills,lead/process/detail,"BUR-LAND-001; BUR-BOT-001; BUR-LAND-003",APPROVED_CURRENT,KEEP_CURRENT,optional,STOCK_SOURCE / DOCUMENTARY SOURCE,4:5/4:3,4:5,P2,"Optional station/drying plate"
EDITION-ETHIOPIA,/journal/beyond-heirloom,lead/process/detail,"ETH-PROC-103; ETH-PROC-104; ETH-PROC-105",PROVISIONAL_REPLACEABLE,REPLACE_PRIORITY,yes,STOCK_SOURCE / DOCUMENTARY SOURCE,16:10/4:3,4:5,P1,"Shared replacement lead"
ABOUT,/about,origin/material thesis,"KEN-PROC-001; MAT-CLAY-001; MAT-LINEN-101",APPROVED_CURRENT,KEEP_CURRENT,derive,EXISTING_ASSET_EDIT,16:10/1:1,4:5,P2,"No extra portrait required"
BAG,/bag,product thumbnail,CSS pending geometry,CUSTOM_ASSET_PENDING,NEW_CUSTOM_REQUIRED,derive,EXISTING_ASSET_EDIT,1:1,1:1,P1,"Derive from product master"
CHECKOUT,/checkout,tiny utility thumbnail,None,,OPTIONAL_ENHANCEMENT,optional,EXISTING_ASSET_EDIT,none,none,P2,"Do not add campaign media"
